title,description,publishTime,duration_seconds,viewCount,likeCount,commentCount,like_to_view_ratio
I Got Hunted By A Real Bounty Hunter,"Sign up for Current w/ my Creator Code ""BEAST"" and I'll send you $1 (or maybe $1k!!): http://www.current.com/MrBeast New ...",2021-04-24 20:00:00+00:00,861,84717282,2876493,128922.0,0.03395402841181803
"Extreme $1,000,000 Hide And Seek",I didn't expect that to happen at the end I was so confused haha ...,2021-12-18 21:00:00+00:00,729,32090178,2125183,73593.0,0.06622534159829216
"I Bought The World&#39;s Largest Mystery Box! ($500,000)",I cant believe I spent over $500000 on mystery boxes Add Honey for FREE ▸ http://joinhoney.com/mrbeast Thanks to Honey for ...,2021-04-03 20:00:01+00:00,709,101745632,3110824,162796.0,0.030574521371099252
"First To Rob Bank Wins $100,000",I didnt think he would actually rob the bank... Sign up for Current and use my code “BEASTBANK” to get $1. Request $$ from me ...,2021-09-26 20:00:06+00:00,482,50008942,2359606,120621.0,0.04718368167037007
"Press This Button To Win $100,000!","Push the red subscribe button and you could also win $100000! (Seriously, we always fly subscribers down lol) New Merch ...",2020-11-14 21:00:02+00:00,911,145527042,2762425,83853.0,0.018982210880091964
I Survived 50 Hours In A Maximum Security Prison,I can't believe this prison let me do this lol New Merch - https://shopmrbeast.com/ Chandler Karl and Chris couldnt make it to this ...,2021-06-26 20:00:02+00:00,754,79464833,2214006,94886.0,0.027861456652152027
I Spent 50 Hours Buried Alive,This was the most insane thing I've ever done New Merch - https://shopmrbeast.com/ SUBSCRIBE OR I TAKE YOUR DOG ...,2021-03-27 20:00:04+00:00,760,154322660,5379027,233576.0,0.03485571723556346
I Spent 24 Hours In A Doomsday Bunker,The bunker gets crazier as the video goes on! SUBSCRIBE OR YOU'LL HAVE BAD LUCK For more info on this bunker check out ...,2020-04-11 20:00:00+00:00,719,102795467,2080395,77842.0,0.02023819785749891
I Filled My Brother’s House With Slime &amp; Bought Him A New One,I did not expect that to happen..... DOWNLOAD & PLAY HERE http://x.ea.com/65665 Apex Legends Season 6 includes the ...,2020-10-10 20:00:31+00:00,625,95079717,2612376,116266.0,0.0274756392049421
I Got Hunted By The FBI,"You guys loved the bounty hunter video so we did it with the FBI, i hope you enjoy! Get $5 on Venmo just for adding Honey ...",2021-08-07 23:00:03+00:00,1000,71993932,2558283,88986.0,0.03553470311914621
"Extreme $500,000 Game Of Tag!",I did not expect that to happen at the end... New Merch - https://shopmrbeast.com/ SUBSCRIBE OR I TAKE YOUR DOG ...,2021-09-04 20:00:07+00:00,760,57633714,2774047,99670.0,0.048132365719134464
"Last To Leave Revolving Door Wins $50,000",YOU WON'T BELIEVE WHAT HAPPENS IN THIS VIDEO LOL New Merch - https://shopmrbeast.com/ SUBSCRIBE OR I TAKE ...,2019-07-02 20:00:01+00:00,824,97585126,2518894,173872.0,0.02581227389100261
"$1,000,000 Influencer Tournament!",That was so close at the end I can't believe that happened!,2021-12-16 21:00:00+00:00,725,34223993,2280759,80603.0,0.06664210689851414
I Got Hunted By The Military,"I'm not sure how they drove over that... it wasnt supposed to happen Sign up using code ""BEASTHUNT"" with current!",2021-12-10 21:30:02+00:00,662,43165039,2416595,90170.0,0.055985006755119575
"Would YOU Quit School For $100,000?",You won't believe what they chose! New Merch - https://shopmrbeast.com/ SUBSCRIBE OR I TAKE YOUR DOG ...,2021-07-10 20:00:09+00:00,694,55202068,2004164,78869.0,0.0363059586825624
"Extreme $100,000 Game of Tag!",I cant believe he actually won.. New Merch - https://shopmrbeast.com/ SUBSCRIBE OR I TAKE YOUR DOG ...,2021-04-17 20:00:00+00:00,1014,84989496,2449214,121200.0,0.028817843560338327
I Won Every Prize At A Theme Park,WE WON OVER 10000 STUFFED ANIMALS LOL New Merch - https://shopmrbeast.com/ SUBSCRIBE OR I TAKE YOUR DOG ...,2019-08-15 19:59:59+00:00,802,90623591,1883897,65304.0,0.020788152171105204
I Ate The World’s Largest Slice Of Pizza,This slice of pizza was expensive... New Merch - https://shopmrbeast.com/ SUBSCRIBE OR I TAKE YOUR DOG ...,2020-08-01 20:00:02+00:00,483,99174289,2642315,125468.0,0.02664314538216654
"Steal This $100,000 Diamond, You Keep It",Do you think you could have done all the levels? New Merch - https://shopmrbeast.com/ SUBSCRIBE OR I TAKE YOUR DOG ...,2020-11-28 21:00:04+00:00,843,103902204,2471218,92745.0,0.023784076803606592
I Survived 24 Hours Straight In Ice,i borderline went crazy about 17 hours in... New Merch - https://shopmrbeast.com/ SUBSCRIBE OR I TAKE YOUR DOG ...,2020-10-29 20:17:44+00:00,694,85113492,2833891,187948.0,0.03329543804876435
"Last To Leave Circle Wins $500,000",THIS WAS THE CRAZIEST THING IVE EVER DONE! Get $10 of Bitcoin when you join Coinbase using my code: ...,2021-08-31 20:01:03+00:00,1166,95809336,3482783,94926.0,0.03635118606813015
"I Bought The World&#39;s Largest Firework ($600,000)",I cant believe i spent this much money on fireworks lol Thanks to Fireworks by Grucci for helping! https://www.grucci.com/ Follow ...,2020-07-03 21:00:20+00:00,669,106594059,3641646,169970.0,0.03416368636454683
I Adopted EVERY Dog In A Dog Shelter,"This is my favorite video i have ever made, it took me 9 months to film. PLEASE DONATE HERE: https://furkids.org/donation/ New ...",2020-07-23 20:00:11+00:00,964,104797858,3343738,190567.0,0.031906549082329524
I Bought A Private Island,"I spent so much money buying this island, please subscribe lol New Merch - https://shopmrbeast.com/ SUBSCRIBE OR I TAKE ...",2020-08-13 20:00:07+00:00,697,76692327,2751454,127362.0,0.03587652256268088
"I Spent $1,000,000 On Lottery Tickets and WON",I didnt think i was going to win that much... looks like im buying an island New Merch - https://shopmrbeast.com/ SUBSCRIBE OR I ...,2020-08-08 20:00:02+00:00,613,58842218,2143711,83396.0,0.03643151248989289
"Last To Stop Running Wins $20,000",You won't believe what happens to chandler!! New Merch - https://shopmrbeast.com/ SUBSCRIBE OR I TAKE YOUR DOG ...,2019-06-06 20:00:00+00:00,898,83179815,1832463,67034.0,0.022030140365183547
I Bought Everything In 5 Stores,Please subscribe this video costed so much money Buy Merch Here!! - https://shopmrbeast.com/ Beast Philanthropy ...,2021-01-09 21:01:25+00:00,854,74045114,3640655,187773.0,0.04916806529597618
"I Ate $100,000 Golden Ice Cream",I cant believe how insane that ice cream looked at the end New Merch - https://shopmrbeast.com/ SUBSCRIBE OR I TAKE YOUR ...,2021-01-22 21:00:03+00:00,797,99700649,3496697,163287.0,0.0350719582577642
The Real Way Dinosaurs Went Extinct,SCHOOLS HAVE BEEN LYING TO YOU ALL YOUR LIFE! New Merch - https://shopmrbeast.com/ SUBSCRIBE OR I TAKE YOUR ...,2018-06-28 21:12:01+00:00,351,24150678,665682,44254.0,0.02756369821170238
I Spent 50 Hours In Solitary Confinement,i borderline went crazy about 30 hours in... New Merch - https://shopmrbeast.com/ SUBSCRIBE OR I TAKE YOUR DOG ...,2020-05-30 20:10:08+00:00,952,158424466,3109009,106104.0,0.019624550920058017
Surviving 24 Hours Straight In The Bermuda Triangle,THIS IS ONE OF THE CRAZIEST THINGS I'VE EVER DONE! DONATE TO TEAM TREES: https://teamtrees.org/ New Merch ...,2019-11-09 21:00:55+00:00,701,109909726,2376880,90444.0,0.021625747661312523
"I Put 1,000,000 Christmas Lights On A House (World Record)",Watch until the end to see how insane the houses look Get Honey for FREE today ▸ https://joinhoney.com/mrbeast Honey finds ...,2020-12-23 21:00:06+00:00,748,54785723,2158821,111013.0,0.039404809899104554
I Opened A Restaurant That Pays You To Eat At It,Download our MrBeast Burger App and order food NOW! IOS - https://apps.apple.com/us/app/mrbeast-burger/id1543431762 ...,2020-12-19 22:00:03+00:00,639,93929098,3525848,726861.0,0.03753733480970934
I Cleaned The World’s Dirtiest Beach #TeamSeas,Donated = 1 Pound Of Trash Out Of The Ocean - https://teamseas.org/ HELP US REMOVE 30000000 POUNDS OF TRASH FROM ...,2021-10-29 19:59:43+00:00,295,52448898,4132687,177576.0,0.07879454397688203
"Offering People $100,000 To Quit Their Job",Download Finger On The App 2 NOW! - https://beastgames.com/ New Merch - https://shopmrbeast.com/ SUBSCRIBE OR I TAKE ...,2021-03-13 21:00:02+00:00,677,77042095,2576744,118980.0,0.03344592329686777
"Last To Leave VR Wins $20,000",YOU WON'T BELIEVE HOW LONG THEY LASTED!!! New Merch - https://shopmrbeast.com/ SUBSCRIBE OR I TAKE YOUR DOG ...,2019-06-08 20:00:01+00:00,858,82682475,1907558,90163.0,0.023070886545183848
"I Gave Him One Hour To Spend $100,000!",THEY HAD ONLY ONE HOUR TO SPEND $100000 IN NEW YORK Download Tik Tok Here ...,2019-01-01 21:05:01+00:00,830,63835088,1321472,70116.0,0.02070134218347126
Surviving 24 Hours Straight In A Desert,WE WENT TO A DESERT AND SPENT 24 HOURS IN IT New Merch - https://shopmrbeast.com/ SUBSCRIBE OR I TAKE YOUR ...,2019-03-16 20:05:00+00:00,844,87553418,1916757,87816.0,0.02189242914537043
"Last to Stop Swinging Wins $1,000,000 (Part 2)",I BET YOU DIDNT EXPECT THAT TO HAPPEN LOL (watch till the end) Get Honey for FREE and start saving money today ...,2019-11-30 21:00:03+00:00,783,58637341,1358572,80284.0,0.023169058774339717
"Last To Fall Wins $1,000,000 (Part 1)",BUY MY MERCH!! - https://shopmrbeast.com/ FOLLOW MY INSTAGRAM!! - https://www.instagram.com/mrbeast SUBSCRIBE OR ...,2019-11-14 21:00:31+00:00,1017,83659525,2002815,52860.0,0.023940071378602736
"Spending $1,000,000 In 24 Hours",watch till the end you wont believe everything he bought.... Get Honey for FREE and save on your holiday gifts ...,2019-12-21 21:00:01+00:00,910,100601425,3030445,121346.0,0.03012328105690352
Spending 24 Hours On Top Of A Mountain,"WE HAD LIKE NO OXYGEN UP HERE, IT WAS CRAZY! New Merch - https://shopmrbeast.com/ SUBSCRIBE OR I TAKE YOUR ...",2019-06-13 20:00:01+00:00,924,101663010,2313086,107422.0,0.02275248391720843
"I Ate A $70,000 Golden Pizza",I cant believe we actually did this... Please vote and help me win a Kids Choice Award (I'm on page 20) https://kca.nick.tv/vote/ ...,2020-02-29 21:00:22+00:00,776,127179753,2846523,104376.0,0.022381888098178645
Surviving 24 Hours On A Deserted Island,"This was Insane, I Can't Believe We Did This! New Merch - https://shopmrbeast.com/ SUBSCRIBE OR I TAKE YOUR DOG ...",2019-08-22 20:00:07+00:00,832,107006436,2237697,74133.0,0.020911798239874095
Last To Take Hand Off House Keeps It!,YOU WON'T BELIEVE WHO WON THE NEW HOUSE LOL New Merch - https://shopmrbeast.com/ SUBSCRIBE OR I TAKE YOUR ...,2019-01-08 21:05:00+00:00,1050,57359031,1097901,43997.0,0.019140856825144065
"Planting 20,000,000 Trees, My Biggest Project Ever!",HELP US ACHIEVE OUR GOAL OF PLANTING 20000000 TREES! PLEASE DONATE ! - https://teamtrees.org/ #teamtrees ...,2019-10-25 19:01:01+00:00,443,64630566,3613873,165127.0,0.05591584947592754
Surviving 24 Hours Straight In A Rain Forest,This was a lot of fun! New Merch - https://shopmrbeast.com/ SUBSCRIBE OR I TAKE YOUR DOG ...,2019-09-21 21:00:00+00:00,789,72343261,1616986,69857.0,0.022351577433038304
"Last To Stop Riding Bike Wins $1,000,000 (Part 4)",YOU WONT BELIEVE WHO WON THIS Get Honey for FREE and save on your holiday gifts ▸ http://joinhoney.com/mrbeast Honey ...,2019-12-14 20:59:57+00:00,705,38421073,1011945,94562.0,0.026338280557651268
"$456,000 Squid Game In Real Life!",MAKE SURE YOU WATCH UNTIL GLASS BRIDGE IT'S INSANE! Download Brawl Stars now and get a free gift from me in the ...,2021-11-24 21:00:01+00:00,1542,178763228,12250732,571946.0,0.06853049218824803
Videos I Could Not Upload...,The last video i couldnt upload took forever to film SUBSCRIBE OR YOU'LL HAVE BAD LUCK New Merch ...,2020-04-30 20:00:08+00:00,812,65825475,2243567,60701.0,0.03408356719036209
I Went Back To Boy Scouts For A Day,WATCH UNTIL THE END TO SEE THE ULTIMATE BETRAYAL New Merch - https://shopmrbeast.com/ SUBSCRIBE OR I TAKE ...,2020-01-25 21:00:01+00:00,818,67041958,1450713,44487.0,0.021638881728364794
"$60,000 Extreme Hide And Seek - Challenge",THERE IS NO WAY THIS HAPPENED AGAIN LOL WATCH UNTIL THE END New Merch - https://shopmrbeast.com/ SUBSCRIBE ...,2020-01-17 21:00:01+00:00,1079,79723782,1826700,48182.0,0.02291286181079568
I Uber’d People And Let Them Keep The Car,Subscribe for a free car! New Merch - https://shopmrbeast.com/ I uber people and give them the car SUBSCRIBE OR I TAKE ...,2020-10-24 20:00:01+00:00,851,62936687,2531831,83065.0,0.04022822173655248
"Last To Leave $800,000 Island Keeps It",I can't believe I gave away a private island. subscribe to help me pay for it Download Lords Mobile to win BIG prizes here: ...,2020-08-15 20:00:02+00:00,1336,119576253,3719348,225860.0,0.03110440331325652
"$50,000 Game Of Extreme Hide And Seek - Challenge","BUY NOW MrBeast, Chandler, Chris - http://youtooz.com ENTER ON INSTAGRAM TOO https://www.instagram.com/mrbeast New ...",2019-11-28 21:00:01+00:00,903,92759192,2158975,50048.0,0.02327505181373292
"Last To Take Hand Off Boat, Keeps It",Last one to remove their hand kept the boat! New Merch - https://shopmrbeast.com/ SUBSCRIBE OR I TAKE YOUR DOG In this ...,2019-10-19 20:06:01+00:00,1008,68554762,1322438,57148.0,0.019290242740540767
"Last To Leave Toilet Wins $1,000,000 (Part 3)",New Merch - https://shopmrbeast.com/ Instagram - https://www.instagram.com/mrbeast SUBSCRIBE OR I TAKE YOUR DOG ...,2019-12-07 21:11:07+00:00,946,49275426,1202564,47812.0,0.024404943754316805
I Sold My House For $1,Download Basketball Arena and attend the $50000 Win Streak Event https://app.adjust.com/6yykn7c_ou2rw0e *LIMITED TIME ...,2021-03-06 21:00:02+00:00,649,73190107,2661083,115383.0,0.036358506758297264
Molten Lava Vs Giant Ice Block Experiment,In this video we played with lava and dumped it on things Buy Your Maverick Merch Here - https://shopmrbeast.com/ Shoutout to ...,2019-04-27 20:00:02+00:00,458,62502385,1282091,42358.0,0.0205126732363893
"If You Can Carry $1,000,000 You Keep It!",Exclusive Merch Here - https://shopmrbeast.com/ YOU HAVE 7 DAYS TO BUY THIS SHIRT AND YOUR NAME WILL BE ADDED ...,2021-07-24 20:00:59+00:00,645,59015812,1997674,67953.0,0.03384980960695754
"Going Through The Same Drive Thru 1,000 Times",I can't believe we did this lol New Merch - https://shopmrbeast.com/ SUBSCRIBE OR I TAKE YOUR DOG ...,2019-10-05 20:00:08+00:00,938,138440792,3224679,124528.0,0.023292838428719768
"Would You Sit In Snakes For $10,000?",Would you sit in a tub of snakes for $10000? New Merch - https://shopmrbeast.com/ Subscribe to Brian Barczyk: ...,2021-04-10 21:00:07+00:00,849,109152270,3125932,133872.0,0.02863826835667275
"Last To Take Hand Off Lamborghini, Keeps It",Subscribe if you want to compete! Watch My Documentary Now On Curiosity: http://curiositystream.com/BEAST New Merch ...,2021-10-23 20:00:01+00:00,943,52868114,2641598,116591.0,0.04996580736736703
I Ordered Pizza And Tipped The House,I Was In Youtube Rewind 2019 New Merch - https://shopmrbeast.com/ SUBSCRIBE OR I TAKE YOUR DOG Check me out in ...,2019-12-05 21:00:02+00:00,782,86437502,3137075,102806.0,0.036292985421998894
"I Searched 100 Dumpsters, Here&#39;s What I Found",YOU WON'T BELIEVE WHAT WE FOUND! LOL New Merch - http://www.shopmrbeast.com/MBYTV1 SUBSCRIBE OR I TAKE ...,2019-10-12 20:10:01+00:00,1028,71845651,1324689,49545.0,0.018437984506536102
Spending 24 Hours In A City With No Laws,"We spent 24 hours straight in slab city, aka the city with no laws. New Merch - https://shopmrbeast.com/ SUBSCRIBE OR I TAKE ...",2019-05-07 21:00:01+00:00,869,86936731,1686936,62530.0,0.01940418026530121
"Going Around A Ferris Wheel 1,000 Times Straight",Thanks to Epic Games for sponsoring this video! Download Battle Breakers - http://bit.ly/codeMrBeast FOLLOW 4 COOKIE ...,2019-11-16 21:00:47+00:00,776,54521829,1436159,46098.0,0.0263409908717479
"Ordering Water Then Tipping $30,000",You won't believe how they reacted to the $30000 we tipped! subscribe for a car New Merch - https://shopmrbeast.com/ ...,2018-10-23 20:11:02+00:00,723,39714916,1067119,47639.0,0.02686947644557526
World&#39;s Largest Game Of Dodgeball,THIS GAME OF DODGEBALL WAS INSANE!!!!! New Merch - https://shopmrbeast.com/ SUBSCRIBE OR I TAKE YOUR DOG ...,2019-07-12 20:05:00+00:00,677,42172274,1034966,54769.0,0.024541384702186086
Destroying My Friend&#39;s Car And Surprising Him With A New One,I DROPPED A METEOR ON MY FRIEND'S CAR New Merch - https://shopmrbeast.com/ SUBSCRIBE OR I TAKE YOUR DOG ...,2019-08-10 20:00:00+00:00,893,72016728,1962449,60791.0,0.027249905049837864
I Gave A Homeless Man A Home,WE GAVE A HOMELESS PERSON A HOUSE idk y caps Get Honey and start saving money today ...,2019-02-28 22:06:00+00:00,840,63719508,1891854,114574.0,0.02969034224181392
I Can&#39;t Believe I Found This Stuff On Amazon..,It should be illegal to sell this stuff. Get your chair here - https://www.gtomegaracing.com/ SUBSCRIBE FOR A FREE CAR BUY ...,2017-12-22 23:19:10+00:00,501,26928544,1101599,25163.0,0.04090822734418913
I Went Back To 1st Grade For A Day,me and the squad went back to first grade for fun LAST DAY TO BUY MERCH - https://shopmrbeast.com/ After today you can no ...,2019-01-31 22:05:00+00:00,1066,119352796,2306311,134931.0,0.019323476929690026
Why I Haven’t Been Uploading,This took way too long... Buy Merch - https://shopmrbeast.com/ SUBSCRIBE OR I TAKE YOUR DOG ...,2020-09-17 20:00:05+00:00,382,32929921,2155684,98498.0,0.06546277472089897
I Broke Into A House,His reaction was hilarious Download monster legends: https://monsterlegends.onelink.me/1933036881/MrBeast Thanks Monster ...,2020-06-25 20:00:00+00:00,897,74412826,2290401,182264.0,0.030779653496831313
I Bought Everything In A Store - Challenge,I WENT INTO A STORE AND BOUGHT LITERALLY 15000 ITEMS! New Merch - https://shopmrbeast.com/ SUBSCRIBE OR I TAKE ...,2019-05-18 20:05:02+00:00,1016,100371975,3393035,181956.0,0.0338046053193633
I Opened A FREE BANK,Download Angry Birds 2 Here https://rov.io/PU9tvo Thanks To Angry Birds For Sponsoring This Video New Merch ...,2019-11-23 21:00:17+00:00,703,66772832,1895447,90447.0,0.0283865000663743
"Hit The Target, Win $300,000","If they miss the shot, the prize goes up by $10000 Get Honey for FREE today ▸ http://joinhoney.com/mrbeast Honey finds coupons ...",2021-06-12 20:00:01+00:00,904,76492851,2378693,84362.0,0.031096932182590502
"Youtube Rewind 2020, Thank God It&#39;s Over",This is what Youtube Rewind would look like if it was made by creators lol SUBSCRIBE TO THESE SMALL CHANNELS NOW ...,2021-01-01 21:00:03+00:00,391,57131190,4707358,297513.0,0.08239558811920424
Surprising TFue With A Fortnite Battle Bus In Real Life,YOU WON'T BELIEVE HOW TFUE REACTED TO THE BATTLE BUS New Merch - https://shopmrbeast.com/ SUBSCRIBE OR I ...,2018-12-07 22:11:00+00:00,865,89583695,1695042,64576.0,0.018921322680427503
Anything You Can Fit In The Triangle I’ll Pay For,Sorry for the long time no uploads! I had 4 different videos fall apart :/ New Merch - https://shopmrbeast.com/ SUBSCRIBE OR I ...,2021-06-01 20:00:02+00:00,968,64846876,2183523,87041.0,0.03367198444532625
"I Gave People $1,000,000 But ONLY 1 Minute To Spend It!",Subscribe right now and you might be picked to be in my next video! (its epic) New Merch - https://shopmrbeast.com/ SUBSCRIBE ...,2020-12-15 21:00:11+00:00,858,91681798,4286817,170811.0,0.04675755813602172
I Spent 24 Hours Straight In Insane Asylum,"THIS VIDEO WAS CRAZY, LIKE FOR MORE MINECRAFT New Merch - https://shopmrbeast.com/ SUBSCRIBE OR I TAKE YOUR ...",2019-02-10 21:05:00+00:00,978,91428157,1923305,134616.0,0.02103624379084881
I Gave My Credit Card To Random People,Watch until the end to see how much they spend! New Merch - https://shopmrbeast.com/ SUBSCRIBE OR I TAKE YOUR DOG ...,2020-02-01 21:00:01+00:00,1008,101244292,2815381,94482.0,0.027807799772060236
Things That SHOULDN&#39;T Be Sold On Amazon,I bought a bunch of stuff that probably shouldn't be sold on amazon. New Merch - https://shopmrbeast.com/ SUBSCRIBE OR I ...,2018-09-21 22:06:01+00:00,846,86162309,1367280,49576.0,0.015868655516183997
"Surprising Tfue With $10,000 Live - Fortnite",YOU WON'T BELIEVE HOW HE REACTED!!! New Merch - https://shopmrbeast.com/ SUBSCRIBE OR I TAKE YOUR DOG This is a ...,2018-10-04 20:07:01+00:00,923,64588022,1377667,48151.0,0.021330069528990993
"Last To Take Hand Off $1,000,000 Keeps It",Watch to the end of the video to see who becomes a millionaire... SUBSCRIBE OR ILL PUNCH YOU New Merch ...,2019-12-19 21:00:12+00:00,1023,84619778,2603385,301017.0,0.0307656798626912
I Built The World&#39;s Largest Lego Tower,I didnt think they would actually build that high lol New Merch - https://shopmrbeast.com/ SUBSCRIBE OR I TAKE YOUR DOG ...,2020-06-06 20:00:01+00:00,836,81391428,2235151,73663.0,0.02746174941174395
"Last To Leave Roller Coaster Wins $20,000 - Challenge",THEY TOOK OVER 100 LAPS LOL New Merch - https://shopmrbeast.com/ SUBSCRIBE OR I TAKE YOUR DOG ...,2019-08-17 20:00:00+00:00,917,79468147,1890612,64659.0,0.02379081520549359
"$70,000 Extreme Hide And Seek - Challenge",watch until the end to see who wins the $70000 DOWNLOAD HERE: https://dragoncity.onelink.me/3213014026/MrBeast Open to ...,2020-03-13 20:00:04+00:00,1121,72718526,1791848,67234.0,0.02464087349625321
24 Hours In The Most Haunted Place On Earth,YOU WON'T BELIEVE WHAT WE FOUND! lol New Merch - https://shopmrbeast.com/ SUBSCRIBE OR I TAKE YOUR DOG ...,2019-05-30 20:07:01+00:00,907,53637455,1727423,114242.0,0.03220553622464004
"Anything You Can Carry, I&#39;ll Pay For Challenge",I took people into stores and paid for whatever they could carry New Merch - https://shopmrbeast.com/ SUBSCRIBE OR I TAKE ...,2019-04-20 20:00:03+00:00,909,71865419,1458582,93083.0,0.020296020259758036
"Last To Leave The Tesla, Keeps It Challenge",THIS WAS THE LONGEST CHALLENGE WE'VE DONE SO FAR! Buy merch the car was expensive lol - https://shopmrbeast.com/ ...,2019-03-29 21:05:00+00:00,1109,71745185,1371597,44302.0,0.01911761744011114
I Opened A Free Car Dealership,"This video means a lot to me, i'm so happy with how it went! BRAND NEW Merch - https://shopmrbeast.com/ SUBSCRIBE OR I ...",2019-08-29 20:00:00+00:00,999,87814365,2734867,138144.0,0.03114373143847251
"Lamborghini Race, Winner Keeps Lamborghini",New Merch - https://shopmrbeast.com/ SUBSCRIBE OR ELSE ---------------------------------------------------------------- follow all of these ...,2020-02-08 21:00:02+00:00,923,75289471,1846059,54821.0,0.02451948427157896
Can A Glowing 1000 Degree Sword Slice A Car In Half?,WILL THE SWORD CUT RIGHT THRU THE CAR????? New Merch - https://shopmrbeast.com/ SUBSCRIBE OR I TAKE YOUR ...,2018-09-06 21:09:00+00:00,613,60674883,981980,39103.0,0.01618429161206623
I Hope This Magic Trick Works,WE ATTEMPTED POPULAR MAGIC TRICKS AND THIS HAPPENED OPEN and follow all these guys! Chris Ramsey ...,2018-09-11 21:13:59+00:00,982,38328312,654619,19884.0,0.017079254625144983
Important Youtube Announcement (please watch),I CAN'T BELIEVE WE REACHED OUR GOAL!!!!! YOU GUYS ARE AMAZING! New Merch - https://shopmrbeast.com/ SUBSCRIBE ...,2019-12-28 21:00:06+00:00,155,32540299,2368072,135828.0,0.07277351692435279
"Paying People $10,000 To Eat Ghost Pepper",YOU WON'T BELIEVE HOW THEY REACTED! New Merch - https://shopmrbeast.com/ SUBSCRIBE OR I TAKE YOUR DOG ...,2019-06-01 20:05:01+00:00,886,35878816,1026780,36349.0,0.02861800121832337
Why Do We Do Things That Are Bad For Us?????,"This is a video where I talk, and now your watching it. ▻ Subscribe? - http://bit.ly/1sBQXmi ▻ Follow? - http://bit.ly/1ljKsl1 Sponsor ...",2015-05-14 23:52:57+00:00,204,17555,688,90.0,0.0391911136428368
I Spent 50 Hours In Solitary Confinement,i borderline went crazy about 30 hours in... New Merch - https://shopmrbeast.com/ SUBSCRIBE OR I TAKE YOUR DOG ...,2020-05-30 20:10:08+00:00,952,158424466,3109009,106104.0,0.019624550920058017
I Bought One Snickers Bar From Every Walmart,i can't believe i did this SUBSCRIBE FOR A FREE CAR ---------------------------------------------------------------- ▻ FOLLOW BOTH ...,2018-01-13 23:15:01+00:00,640,40462318,1037760,73226.0,0.025647566706385926
"Last To Leave Slime Pit Wins $20,000 - Challenge",LAST ONE TO GET OUT OF THE SLIME PIT WINS $20000!! New Merch - https://shopmrbeast.com/ SUBSCRIBE OR I TAKE ...,2018-11-30 21:11:01+00:00,1088,80841407,1574991,70057.0,0.019482478824249062
I Advertised Pewdiepie At The Super Bowl,I CAN'T BELIEVE WE MADE IT ON THE SUPER BOWL LOL New Merch - https://shopmrbeast.com/ SUBSCRIBE OR I TAKE ...,2019-02-04 22:00:01+00:00,793,39453220,1204795,68123.0,0.030537304686410895
"$456,000 Squid Game In Real Life!",MAKE SURE YOU WATCH UNTIL GLASS BRIDGE IT'S INSANE! Download Brawl Stars now and get a free gift from me in the ...,2021-11-24 21:00:01+00:00,1542,178763228,12250732,571946.0,0.06853049218824803
I Spent 24 Hours Straight In Insane Asylum,"THIS VIDEO WAS CRAZY, LIKE FOR MORE MINECRAFT New Merch - https://shopmrbeast.com/ SUBSCRIBE OR I TAKE YOUR ...",2019-02-10 21:05:00+00:00,978,91428157,1923305,134616.0,0.02103624379084881
"SELLING ORGANS FOR $1,000,000",Did you know your kidney is worth 200000$? lol Like or I will become your kidney.,2016-08-02 20:02:21+00:00,335,3453554,120404,8072.0,0.03486379538295912
I Made Money Grow On Trees,I CAN'T BELIEVE THEY FOUGHT OVER THE MONEY!! New Merch - https://shopmrbeast.com/ SUBSCRIBE OR I TAKE YOUR ...,2018-06-01 22:09:00+00:00,634,15956954,400902,37412.0,0.02512396789512585
This is a block? Since when lol.,"This is the first time i ever encountered the yellow block or so called ""sponge"" in minecraft. since when is this a block?",2013-01-21 22:30:09+00:00,52,360054,15298,3081.0,0.04248807123375938
I Built A Giant House Using Only Legos,THIS TOOK US OVER AN ENTIRE MONTH TO BUILD THIS HOUSE! New Merch - https://shopmrbeast.com/ SUBSCRIBE OR I ...,2018-12-02 20:05:01+00:00,829,54418062,928086,50622.0,0.017054741861259225
I Bought Everything In 5 Stores,Please subscribe this video costed so much money Buy Merch Here!! - https://shopmrbeast.com/ Beast Philanthropy ...,2021-01-09 21:01:25+00:00,854,74045114,3640655,187773.0,0.04916806529597618
I Built A Mansion Using Only Cardboard Boxes,THIS TOOK THOUSANDS OF BOXES SUBSCRIBE OR I DELETE YOUR MINECRAFT ACCOUNT NEW Merch Store!,2018-03-20 22:50:00+00:00,431,23717561,532077,23953.0,0.02243388348405639
MrBeast6000&#39;s First Video (So Bad lol),This is the first video I uploaded to this channel!,2015-11-19 21:29:40+00:00,187,10953561,434878,33521.0,0.03970197454508173
"We Drove 3,000 Miles For The World&#39;s Best Burger",THIS WAS THE CRAZIEST THING I'VE EVER DONE! New Merch - https://shopmrbeast.com/ SUBSCRIBE OR I TAKE YOUR DOG ...,2018-06-09 21:13:59+00:00,926,45984373,1091308,96737.0,0.023732149180331327
Big Channel&#39;s Starting Over???,This video is about people who I have watched that started over with a new channel. Pico - https://www.youtube.com/user/pico210 ...,2015-08-05 10:00:02+00:00,199,20549,571,92.0,0.027787240255000244
I Got Hunted By The Military,"I'm not sure how they drove over that... it wasnt supposed to happen Sign up using code ""BEASTHUNT"" with current!",2021-12-10 21:30:02+00:00,662,43165039,2416595,90170.0,0.055985006755119575
I Ran A Marathon In The World&#39;s Largest Shoes,Get the best deals while you're stuck at home ▸ http://joinhoney.com/mrbeast Honey is FREE and finds coupons with the click of a ...,2020-03-21 20:00:02+00:00,899,63756654,1933396,61076.0,0.030324615215848685
"I Gave $20,000 To People From An Ice Cream Truck",I gave away $20000 New Merch - https://shopmrbeast.com/ SUBSCRIBE OR I TAKE YOUR DOG To be 100% honest it was ...,2018-05-02 22:11:00+00:00,822,14142927,333063,21838.0,0.02354979276920541
"Press This Button To Win $100,000!","Push the red subscribe button and you could also win $100000! (Seriously, we always fly subscribers down lol) New Merch ...",2020-11-14 21:00:02+00:00,911,145527042,2762425,83853.0,0.018982210880091964
I Spent 24 Hours In A Doomsday Bunker,The bunker gets crazier as the video goes on! SUBSCRIBE OR YOU'LL HAVE BAD LUCK For more info on this bunker check out ...,2020-04-11 20:00:00+00:00,719,102795467,2080395,77842.0,0.02023819785749891
I Gave My Credit Card To Random People,Watch until the end to see how much they spend! New Merch - https://shopmrbeast.com/ SUBSCRIBE OR I TAKE YOUR DOG ...,2020-02-01 21:00:01+00:00,1008,101244292,2815381,94482.0,0.027807799772060236
"I Gave My 40,000,000th Subscriber 40 Cars",I was able to afford this because you guys bought the 40 mil merch! Thank you so much!!! Buy New Merch!,2020-09-19 20:00:02+00:00,1031,87102771,3128951,178670.0,0.035922519617659465
"Donating $100,000 To A Random Fortnite Streamer",THIS IS THE MOST MONEY I'VE EVER DONE IN A VIDEO!! Download Quidd For Free - http://bit.ly/2AIsjyv This is simon aka ...,2018-08-05 22:00:00+00:00,1382,49107493,1037696,51877.0,0.021131113331319926
"Attempting The Impossible Maze - $10,000 Challenge",NO ONE HAS EVER SOLVED THIS MAZE!! Build A Website For Free - https://www.wix.com/go/mrbeast 7000000th Subscriber ...,2018-08-15 21:08:59+00:00,1187,49047821,930096,32951.0,0.018963044250222653
"Would You Sit In Snakes For $10,000?",Would you sit in a tub of snakes for $10000? New Merch - https://shopmrbeast.com/ Subscribe to Brian Barczyk: ...,2021-04-10 21:00:07+00:00,849,109152270,3125932,133872.0,0.02863826835667275
The Real Way Dinosaurs Went Extinct,SCHOOLS HAVE BEEN LYING TO YOU ALL YOUR LIFE! New Merch - https://shopmrbeast.com/ SUBSCRIBE OR I TAKE YOUR ...,2018-06-28 21:12:01+00:00,351,24150678,665682,44254.0,0.02756369821170238
Destroying My Friend&#39;s Car And Surprising Him With A New One - Slime,YOU WON'T BELIEVE WHAT CAR WE GOT HIM!!! New Merch - https://shopmrbeast.com/ SUBSCRIBE OR I TAKE YOUR DOG ...,2018-08-28 22:08:59+00:00,971,85399212,1938017,64569.0,0.02269361689192167
24 Hours In The Most Haunted Place On Earth,YOU WON'T BELIEVE WHAT WE FOUND! lol New Merch - https://shopmrbeast.com/ SUBSCRIBE OR I TAKE YOUR DOG ...,2019-05-30 20:07:01+00:00,907,53637455,1727423,114242.0,0.03220553622464004
I Survived 24 Hours Straight In Ice,i borderline went crazy about 17 hours in... New Merch - https://shopmrbeast.com/ SUBSCRIBE OR I TAKE YOUR DOG ...,2020-10-29 20:17:44+00:00,694,85113492,2833891,187948.0,0.03329543804876435
"Last To Leave Ramen Noodle Pool Wins $20,000","Whoever left the ramen noodles last, won $20000! New Merch - https://shopmrbeast.com/ SUBSCRIBE OR I TAKE YOUR DOG ...",2019-09-13 20:00:05+00:00,872,42663444,1024261,43030.0,0.024007930536503335
Things That SHOULDN&#39;T Be Sold On Amazon,I bought a bunch of stuff that probably shouldn't be sold on amazon. New Merch - https://shopmrbeast.com/ SUBSCRIBE OR I ...,2018-09-21 22:06:01+00:00,846,86162309,1367280,49576.0,0.015868655516183997
Dear Future Me (Scheduled Uploaded 6 Months Ago),"Dear future me, please do not be dead. Btw I also made a video for 1 and 10 years in the future!",2016-04-04 19:30:01+00:00,145,1720103,113655,12064.0,0.0660745315832831
I Spent 24 Hours Straight In Slime,THIS WAS THE MOST DISGUSTING THING I HAVE EVER DONE I STILL HAVE A RASH FROM IT LOL subscribe for a car New ...,2018-10-09 20:05:02+00:00,878,37343693,844625,34343.0,0.022617607744365293
"5,000 Hype",My Friend - https://www.youtube.com/watch?v=VJnczlbjyss Lets get him over 500 subs :),2015-08-11 10:00:00+00:00,184,68280,1890,457.0,0.027680140597539545
"Surprising Tfue With $10,000 Live - Fortnite",YOU WON'T BELIEVE HOW HE REACTED!!! New Merch - https://shopmrbeast.com/ SUBSCRIBE OR I TAKE YOUR DOG This is a ...,2018-10-04 20:07:01+00:00,923,64588022,1377667,48151.0,0.021330069528990993
I Hope This Magic Trick Works,WE ATTEMPTED POPULAR MAGIC TRICKS AND THIS HAPPENED OPEN and follow all these guys! Chris Ramsey ...,2018-09-11 21:13:59+00:00,982,38328312,654619,19884.0,0.017079254625144983
World&#39;s Largest Bowl Of Cereal,YOU WON'T BELIEVE HOW BIG IT WAS LOL New Merch - https://shopmrbeast.com/ SUBSCRIBE OR I TAKE YOUR DOG In this ...,2019-05-15 21:05:01+00:00,942,94292762,1854976,80215.0,0.019672517387919978
I Spent 24 Hours Straight At Area 51,YOU WON'T BELIEVE WHAT WE FOUND OUT!!!!!! New Merch - https://shopmrbeast.com/ SUBSCRIBE OR I TAKE YOUR DOG ...,2019-08-02 21:00:01+00:00,919,75223134,2155891,90618.0,0.028659946553144144
WHY DO THEY SELL THIS ON AMAZON?,"HOW DID IT DO THAT? like for a free package PO BOX ADDRESS 740 SE Greenville Blvd., Ste. 400-344 Greenville, NC 27858 ...",2016-12-18 02:00:04+00:00,612,8221419,702067,16243.0,0.08539486918255838
I Adopted EVERY Dog In A Dog Shelter,"This is my favorite video i have ever made, it took me 9 months to film. PLEASE DONATE HERE: https://furkids.org/donation/ New ...",2020-07-23 20:00:11+00:00,964,104797858,3343738,190567.0,0.031906549082329524
More birds IN MINECRAFT!!,Basically what this mod does is adds more birds to minecraft. i forgot to mention that you can find nest which have eggs in them....,2013-01-12 23:35:45+00:00,126,508657,21805,2586.0,0.04286778713356938
Am I Ian From Smosh????,Is Mr.Beast actually Ian from Smosh? This is something that I actually get asked a lot. Twitter Please Follow!,2015-08-02 19:09:03+00:00,138,336265,5978,421.0,0.017777645606887424
"Ordering Water Then Tipping $30,000",You won't believe how they reacted to the $30000 we tipped! subscribe for a car New Merch - https://shopmrbeast.com/ ...,2018-10-23 20:11:02+00:00,723,39714916,1067119,47639.0,0.02686947644557526
I Built A Working Car Using Only LEGOS,I CAN'T BELIEVE WE DROVE THIS ON THE HIGHWAY Subscribe for a cookie New Merch - https://shopmrbeast.com/ SONG ...,2018-06-23 21:09:58+00:00,750,60094101,1357892,101318.0,0.022596094748135096
5 Youtubers I Think Will Be Famous...,I this video I talk about 5 channels that I think will get a ton of subs over the next year and more than likely make it big.,2014-05-31 21:06:55+00:00,264,115490,3398,634.0,0.029422460819118538
"Would YOU Quit School For $100,000?",You won't believe what they chose! New Merch - https://shopmrbeast.com/ SUBSCRIBE OR I TAKE YOUR DOG ...,2021-07-10 20:00:09+00:00,694,55202068,2004164,78869.0,0.0363059586825624
"If You Can Carry $1,000,000 You Keep It!",Exclusive Merch Here - https://shopmrbeast.com/ YOU HAVE 7 DAYS TO BUY THIS SHIRT AND YOUR NAME WILL BE ADDED ...,2021-07-24 20:00:59+00:00,645,59015812,1997674,67953.0,0.03384980960695754
How Much Money Do I Make?????,"Thought I would mix it up and instead of talking about a different youtuber, I talk about my self :) = Enjoy the video? Click here!",2014-03-16 01:24:25+00:00,250,84770,2929,497.0,0.0345523180370414
Hi Me In 5 Years,This video was filmed 5 years ago You better have a million subscribers! I added some clips from the other hi me videos to this ...,2020-10-04 20:00:54+00:00,128,54420826,4020866,202949.0,0.07388469259911637
Fidget Spinner Vs Face (Legit Had To Get Stitches),THIS IS NOT CLICKBAIT Enter $500 Giftcard Giveaway: http://bit.ly/2nVhJgm SUBSCRIBE FOR A FREE CAR CLICK HERE TO ...,2017-05-02 23:30:00+00:00,427,34564059,1302416,80540.0,0.03768122256706019
"Donating $100,000 To A Random Fortnite Streamer",THIS IS THE MOST MONEY I'VE EVER DONE IN A VIDEO!! Download Quidd For Free - http://bit.ly/2AIsjyv This is simon aka ...,2018-08-05 22:00:00+00:00,1382,49107493,1037696,51877.0,0.021131113331319926
"Would You Rather Have A Giant Diamond or $100,000?",I cant believe i spent this much again.... Download link: https://dragoncity.onelink.me/DDHl/MrBeast New Merch ...,2020-09-26 20:40:02+00:00,805,84145733,2036903,72896.0,0.024206848373404744
Returning Destroyed Rental Cars Prank,"YOU WON'T BELIEVE HOW THE MANAGER REACTED LOL In this video we returned car in an experiement. If you diy this, be ...",2018-07-27 21:09:00+00:00,630,31253076,512955,18067.0,0.01641294444105278
Microwaving A Microwave,IT BLEW UP WTF like or i steal yo girl ...,2016-12-09 02:45:18+00:00,604,10839661,417870,42810.0,0.038550098568580694
"Last To Remove Hand, Gets Lamborghini Challenge",YOU WON'T BELIEVE WHO WINS THE COMPETITION AND HOW THEY DO IT! New Merch - https://shopmrbeast.com/ ...,2018-11-02 20:05:01+00:00,1187,69218300,1400722,75483.0,0.020236295892849147
Rocket League In Real Life!,THIS WAS THE CRAZIEST THING WE HAVE EVER DONE! New Merch - https://shopmrbeast.com/ SUBSCRIBE OR I TAKE YOUR ...,2018-09-01 21:08:58+00:00,775,25522152,480682,16674.0,0.018833913378464323
"Can 1,000 Rolls Of Duct Tape Stop A Car??",WILL THE CAR MAKE IT THROUGH? Download PUBGMOBILE: http://bit.ly/MrBeastPubG Can 1000 rolls of duck tape stop a car?,2018-04-30 22:09:00+00:00,623,24391194,500404,25163.0,0.020515764828896856
We Are Better Than Dude Perfect,We are better Music By - https://m.youtube.com/channel/UCJrYFqO8sG-KtqUhWRtQL4w SUBSCRIBE FOR A FREE CAR CLICK ...,2017-06-24 18:40:12+00:00,158,22953310,582620,38139.0,0.025382831495762485
I Put 10 Million Legos in Friend&#39;s House,YOU WON'T BELIEVE HOW HE REACTED WHEN HE CAME HOME LOL New Merch - https://shopmrbeast.com/ SUBSCRIBE OR ...,2019-01-18 22:04:59+00:00,917,46254313,924864,60152.0,0.019995194826480288
Destroying My Friend&#39;s Car And Surprising Him With A New One,HE DIDN'T SEE IT COMING LOL Download Quidd Here - http://bit.ly/2IGS5mb SUBSCRIBE OR I DELETE YOUR MINECRAFT ...,2018-04-13 22:21:00+00:00,912,36327719,588243,36674.0,0.016192676451830076
"I Donated $50,000 To Ninja - Fortnite",HIS REACTION TO THE $50000 WAS INSANE! Join Honey for FREE at https://www.joinhoney.com/mrbeast I donated to twitch ...,2018-07-14 21:06:00+00:00,1322,89812159,2008143,63348.0,0.02235936673117946
I Put 100 Million Orbeez In My Friend&#39;s Backyard,THIS WAS THE CRAZIEST THING WE HAVE EVER DONE LOL New Merch - https://shopmrbeast.com/ SUBSCRIBE OR I TAKE ...,2018-11-22 21:08:01+00:00,891,151143603,3966861,136009.0,0.0262456426951791
"I Dropped $20,000 From A Drone",THIS WAS THE CRAZIEST THING I'VE EVER DONE Buy My Apparel So I Don't Go Broke - https://mrbeastshop.shop/ ...,2018-03-08 00:13:02+00:00,711,7497101,240507,17835.0,0.03207999998932921
Spending 24 Hours Straight Under Water Challenge,I CAN'T BELIEVE I ACTUALLY DID THIS!!!!!!! Funniest Shirts On The Internet - https://shopmrbeast.com/ SUBSCRIBE OR I TAKE ...,2018-08-24 22:09:00+00:00,911,96310085,2510799,105267.0,0.02606994895705886
I Took Apart My Friends Car And Put It In His Room,WE PUT HIS CAR IN HIS ROOM AND SURPRISED HIM Visit https://spons.org/MrBeast on your iPhone or Android phone to install ...,2018-05-25 22:41:59+00:00,734,14751108,291593,12424.0,0.01976753203894921
I Put Millions Of Pennies In My Friends Backyard,YOU WON'T BELIEVE HOW HE REACTED TO THIS New Merch - https://shopmrbeast.com/ SUBSCRIBE OR I TAKE YOUR DOG ...,2018-12-08 21:05:02+00:00,881,72734247,1466212,57745.0,0.020158481877182284
"$250,000 Influencer Rock, Paper, Scissors Tournament","This rock, paper, scissors tournament consists of 32 of the worlds biggest influencers! $250000 will go to a charity of the winner's ...",2020-04-26 01:36:25+00:00,1680,42637553,1566528,57088.0,0.03674056998533663
"If You Press This, I’ll Pay...",Subscribe and I'll Donate $0.10 To Charity Play Rogue Company FREE today! http://hrz.io/MrBeast New Merch ...,2021-02-13 21:00:01+00:00,719,43238893,2651923,155975.0,0.061331889324733636
WHY DO THEY SELL THIS ON AMAZON?,"HOW DID IT DO THAT? like for a free package PO BOX ADDRESS 740 SE Greenville Blvd., Ste. 400-344 Greenville, NC 27858 ...",2016-12-18 02:00:04+00:00,612,8221419,702067,16243.0,0.08539486918255838
"I Gave $20,000 To Random Homeless People",THEY WERE SO HAPPY! NEW Merch Store! - https://mrbeastshop.shop/ ...,2018-02-17 00:40:00+00:00,656,43245962,1206819,75178.0,0.027905934893990795
I Built A Giant House Using Only Legos,THIS TOOK US OVER AN ENTIRE MONTH TO BUILD THIS HOUSE! New Merch - https://shopmrbeast.com/ SUBSCRIBE OR I ...,2018-12-02 20:05:01+00:00,829,54418062,928086,50622.0,0.017054741861259225
"Donating $100,000 To Shroud In Real Life","YOU WON'T BELIEVE HOW HE REACTED TO THIS LOL Download Apex Legends for free on PC, PS4, and Xbox here: ...",2019-04-04 21:05:59+00:00,854,29240368,834320,21552.0,0.02853315662785092
"We Drove 3,000 Miles For The World&#39;s Best Burger",THIS WAS THE CRAZIEST THING I'VE EVER DONE! New Merch - https://shopmrbeast.com/ SUBSCRIBE OR I TAKE YOUR DOG ...,2018-06-09 21:13:59+00:00,926,45984373,1091308,96737.0,0.023732149180331327
Playing Battleship With Real Ships,THIS IS 100% THE BEST THING WE HAVE EVER DONE! Open to see giveaway entries! 1.) Follow ...,2019-04-06 20:05:58+00:00,932,31104058,872777,35715.0,0.028059907810099892
STUPIDEST PERSN ON EART (Really Dumb),HOW IS HE SO STUPID? like or I eat your mom's dinner Rock - https://www.youtube.com/watch?v=KkS_sth28rs Paper ...,2016-11-28 00:01:52+00:00,326,2440007,184985,13369.0,0.07581330709297146
Breaking Glass Using Only Megaphones,100 MEGAPHONES VS GLASS!!! SUBSCRIBE OR I DELETE YOUR MINECRAFT ACCOUNT NEW Merch Store! - mrbeast.shop ...,2018-03-17 22:22:47+00:00,552,49984992,1305860,78126.0,0.026125041692514426
Surprising Strangers With 100 Zombies - Experiment,YOU WON'T BELIEVE HOW PEOPLE REACTED TO THIS LOL Download PUBG Mobile For Free - http://bit.ly/PUBGMBeast ...,2019-03-03 22:04:59+00:00,721,48247473,1425807,56359.0,0.029551951871137374
I Bought An Abandoned Storage Unit And Found This..,CRAZIEST DAY OF MY LIFE SUBSCRIBE FOR A FREE CAR BUY ASIAN STICKER HERE https://mrbeast.shop/ ...,2017-12-01 23:44:58+00:00,729,33946503,592804,23978.0,0.01746288859267772
"How I Gave Away $1,000,000","lots of you ask where my money comes from, so here ya go New Merch - https://shopmrbeast.com/ SUBSCRIBE OR I TAKE YOUR ...",2018-12-25 21:05:01+00:00,914,14038257,485758,35392.0,0.034602443878894655
"Attempting The Impossible Maze - $10,000 Challenge",NO ONE HAS EVER SOLVED THIS MAZE!! Build A Website For Free - https://www.wix.com/go/mrbeast 7000000th Subscriber ...,2018-08-15 21:08:59+00:00,1187,49047821,930096,32951.0,0.018963044250222653
"I Gave $200,000 To People Who Lost Their Jobs (Corona Virus)",A lot of people are going through a ruff time right now so I tried my best to do some good :) Get the best deals while you're stuck at ...,2020-05-07 19:59:59+00:00,992,34770962,1287683,67596.0,0.03703328656825773
Life Hacks You Need To Know,I CAN'T BELIEVE THIS WORKED! BUY ERIC HERE - https://mrbeast.shop/ ...,2017-12-08 22:49:10+00:00,604,7027186,195098,11227.0,0.027763318062165993
Winning A Game Of Fortnite In The Middle Of The Ocean,"I CAN'T BELIEVE I DID THIS, IT WAS CRAZY SUBSCRIBE OR I TAKE YOUR DOG Outro winner ...",2018-04-25 22:09:02+00:00,615,28869730,735912,49482.0,0.025490782213758147
"$200,000 Youtuber Battle Royale",Check out part 2 here: https://www.youtube.com/watch?v=P845PrVtWIk 13 Teams All Competing For $200000 ...,2019-03-12 22:00:00+00:00,1584,44391052,1575434,146908.0,0.03548990008166511
"$10,000 Games Of Rock Paper Scissors",THESE ARE THE MOST EPIC GAMES OF ROCK PAPER SCISSORS EVER! DOWNLOAD THE BEST APP EVER HERE ...,2018-11-04 21:05:02+00:00,787,16997867,480292,26100.0,0.028256015887169843
"I Donated $30,000 To A Random Twitch Streamer (world record)",WE CHANGED HIS LIFE! Download Like here - https://like.onelink.me/FvnB/e11cc55c SUBSCRIBE FOR A FREE CAR ...,2018-01-28 00:11:02+00:00,1106,32025776,1039924,57446.0,0.032471469231533996
"Tipping Pizza Delivery Guys $10,000",Download Quidd - http://bit.ly/2x2KvwR Please support them for making this possible! SUBSCRIBE FOR A FREE CAR ...,2017-08-23 21:44:24+00:00,769,21665288,678066,41836.0,0.031297345320311455
"Giving $100,000 To A Homeless Person","THIS VIDEO IS ONE OF OUR BEST VIDEOS TO DATE, I LOVE IT! Download Dragon City Here ...",2018-12-23 21:00:01+00:00,884,28172177,981231,73387.0,0.03482978968930942
Donating $10000 To Pewdiepie,I love Pewdiepie and we must help when he wants help! Donate To CRY Here - https://www.cry.org/donation/indian-donors ...,2018-12-16 21:05:02+00:00,915,43585366,1642182,51873.0,0.03767737088636585
"Giving 3,000,000 Pennies To My 3,000,000th Subscriber",I GAVE HIM 3000000 PENNIES LOL SUBSCRIBE FOR A FREE CAR NEW Merch Store! - https://mrbeastshop.shop/ ...,2018-02-22 23:14:03+00:00,610,8486338,229209,22969.0,0.0270091763962265
Dear Future Me (Scheduled Uploaded 6 Months Ago),"Dear future me, please do not be dead. Btw I also made a video for 1 and 10 years in the future!",2016-04-04 19:30:01+00:00,145,1720103,113655,12064.0,0.0660745315832831
"I Spent $30,000 On Lottery Tickets And Won ____","LOL I CAN'T BELIEVE I DID THIS, THIS WAS INSANE!!! Get Honey For FREE at - http://joinhoney.com/mrbeast Honey has saved ...",2018-09-28 21:05:00+00:00,1052,16658791,418821,23161.0,0.025141140194387457
MrBeast6000&#39;s First Video (So Bad lol),This is the first video I uploaded to this channel!,2015-11-19 21:29:40+00:00,187,10953561,434878,33521.0,0.03970197454508173
"Surprising My 8,000,000th Subscriber With 8,000,000 ___",You won't believe what I gave him! New Merch - https://shopmrbeast.com/ His Channel ...,2018-09-19 20:05:01+00:00,1132,26058263,464777,19078.0,0.017836069886929914
Why Do We Do Things That Are Bad For Us?????,"This is a video where I talk, and now your watching it. ▻ Subscribe? - http://bit.ly/1sBQXmi ▻ Follow? - http://bit.ly/1ljKsl1 Sponsor ...",2015-05-14 23:52:57+00:00,204,17555,688,90.0,0.0391911136428368
I Flew Using Only Balloons AND Leaf Blowers,I ACTUALLY FLEW THIS TIME OMG SUBSCRIBE OR I TAKE YOUR DOG ...,2018-04-23 22:09:02+00:00,680,30133231,602242,46185.0,0.01998597495237069
What is Crohn&#39;s Disease?????,"Ummm, Idk what I am supposed to write here xD Enjoy the video. ▻ Subscribe? - http://bit.ly/1sBQXmi ▻ Follow?",2015-04-04 20:31:25+00:00,424,243103,10321,940.0,0.04245525559125145
5 Youtubers I Think Will Be Famous...,I this video I talk about 5 channels that I think will get a ton of subs over the next year and more than likely make it big.,2014-05-31 21:06:55+00:00,264,115490,3398,634.0,0.029422460819118538
Make This Video The Most Liked Video On Youtube,"WHAT IS UP LOGANG, MAKE SURE YOU LIKE THE VIDEO AND WATCH TO THE END TO SEE WHO WON THE EGG ...",2019-01-16 22:05:01+00:00,791,96523287,19049431,277088.0,0.1973558049261211
I Bought Every Billboard In My City For This,YOU WON'T BELIEVE WHAT I PUT ON EACH BILLBOARD LOL subscribe or i'll take your cat obviously i didn't buy every ...,2018-10-26 21:06:02+00:00,931,35854023,1270908,112106.0,0.035446733550653434
"I Gave My 6,000,000th Subscriber 6,000,000 ____",YOU WON'T BELIEVE WHAT WE GAVE HIM Best Shirts On The Internet - https://shopmrbeast.com/ 6000000th subscriber ...,2018-07-25 21:11:00+00:00,1113,15049764,353912,33235.0,0.02351611626600922
I Got Bored Of Studying So This Happened,I hate studying METH = DEATH.,2015-10-13 01:15:19+00:00,129,234742,8733,626.0,0.03720254577365789
How Much Money Does Penguinz0 Make????? 2016,In this video I talk about how much Penguinz0 makes off of youtube. He is almost at 1 Million subs and if you have not heard of ...,2014-05-16 23:53:55+00:00,175,51573,2143,318.0,0.04155275047020728
Minecraft Mansion Timelapse,"Thanks for stopping by and watching what I hope to be a weekly series. I thought this build turned out well, and make sure you let ...",2014-02-22 23:51:15+00:00,302,512942,16737,2286.0,0.03262942009038059
"I Gave $500,000 To Random People",I hope this made a difference in a lot of people's lives. New Merch - https://shopmrbeast.com/ SUBSCRIBE OR I TAKE YOUR DOG ...,2018-05-11 22:40:59+00:00,903,12798771,396284,31579.0,0.030962660399189892
Am I Ian From Smosh????,Is Mr.Beast actually Ian from Smosh? This is something that I actually get asked a lot. Twitter Please Follow!,2015-08-02 19:09:03+00:00,138,336265,5978,421.0,0.017777645606887424
What Is Crohns Disease?????,"As some of you guys know, I have crohns. So I decided I would do a video talking about it. Twitter Please Follow!",2015-08-10 10:00:01+00:00,261,104858,3145,441.0,0.029992942836979536
How Much Money Does Tobuscus Make?????,I decided after reading all the comment's and messages that I would bring this back. So to kick it off I talk about Tobuscus and how ...,2014-05-14 23:06:58+00:00,142,24967,630,160.0,0.0252333079665158
Big Channel&#39;s Starting Over???,This video is about people who I have watched that started over with a new channel. Pico - https://www.youtube.com/user/pico210 ...,2015-08-05 10:00:02+00:00,199,20549,571,92.0,0.027787240255000244
1k Subs,Hey thanks for subscribing to me. I will upload daily soon. The first part of April is always busy for me because I am playing for two ...,2014-04-13 23:53:33+00:00,195,16308305,1226938,94529.0,0.07523393755512912
MrBeast6000Subs,Insert funny joke Follow my twitter - https://twitter.com/MrBeastYT Guy Singing ...,2015-08-23 11:00:00+00:00,332,246087,16990,2429.0,0.06904062384441274
How Much Money Do I Make?????,"Thought I would mix it up and instead of talking about a different youtuber, I talk about my self :) = Enjoy the video? Click here!",2014-03-16 01:24:25+00:00,250,84770,2929,497.0,0.0345523180370414
Flat Earth PROVEN By Independent Research,WE PROVED THE EARTH IS NOT ROUND!!!!!!!!!!!! SUBSCRIBE IF YOU WERE LIED TO! New Merch - https://shopmrbeast.com/ ...,2018-09-22 20:05:01+00:00,712,24425400,711334,137631.0,0.029122716516413242
I Hate Youtubers That Ask For Likes,This is just a random rant on things I do not like on youtube. aka asking for likes and supply drop openings. Twitter Please Follow!,2015-08-20 19:13:03+00:00,256,104983,6832,653.0,0.06507720297571988
Reacting To The Reaction Of The Reaction To The Reaction Of The Reaction Of The Reaction To The Reac,To the reaction of the reaction to the reaction of the reaction to the reaction of the reaction to the reaction of the reaction to the ...,2017-02-22 00:00:04+00:00,2009,5799526,305454,26108.0,0.052668787069839844
Watching Dance Till You&#39;re Dead For 10 Hours,I WATCHED THE WHOLE VIDEO Enter $500 Giveaway - bit.ly/2nVhJgm SUBSCRIBE FOR A COOKIE Buy Shirts Here ...,2017-03-21 22:40:12+00:00,36001,41577835,1973190,,0.04745773799910457
i&#39;m really sorry,i hope you guys can forgive me SUBSCRIBE FOR A FREE CAR ---------------------------------------------------------------- ▻ Follow all ...,2017-10-26 21:30:00+00:00,207,5020906,182676,10353.0,0.036383075086448544
More birds IN MINECRAFT!!,Basically what this mod does is adds more birds to minecraft. i forgot to mention that you can find nest which have eggs in them....,2013-01-12 23:35:45+00:00,126,508657,21805,2586.0,0.04286778713356938
How Much Does Pewdiepie Make?,Ever wonder how much money pewdiepie makes off of youtube? Well in this video I am going to talk about pewdiepie's earnings.,2015-06-28 22:41:05+00:00,233,74080,1458,152.0,0.019681425485961124
"New Optic Gaming Gear Coming To Advanced Warfare, My Thoughts",This video is just my thoughts on the new optic gaming gear that is coming to advanced warfare. Twitter Please Follow!,2015-08-01 16:47:55+00:00,151,13954,374,118.0,0.026802350580478716
Counting To 10000 In One Sitting,Counting To 10000 In One Sitting ------------------------------------------------------------------------------------------------------------- →→ FOLLOW ...,2016-02-01 00:27:55+00:00,12581,28634115,463400,48241.0,0.016183493011744907
Watching It&#39;s Everyday Bro For 10 Hours Straight,"10 hours of suffering WE WROTE, SHOT, and EDITED THIS IN 1 DAY. HOPE YOU ENJOY... SUBSCRIBE FOR A FREE CAR ...",2017-06-17 21:06:02+00:00,36011,26678886,784884,72610.0,0.029419669172093616
"I Counted To 100,000!",I can't believe I did this.. Like or I eat your food ...,2017-01-09 00:00:39+00:00,85686,24636026,1162093,123360.0,0.047170473030025216
"Saying Pewdiepie 100,000 Times",I SAID HIS NAME 100000 TIMES TO STOP TSERIES IN THEIR TRACKS New Merch - https://shopmrbeast.com/ SUBSCRIBE OR I ...,2018-11-25 21:07:01+00:00,42520,21226054,1451683,173172.0,0.0683915625579771
"5,000 Hype",My Friend - https://www.youtube.com/watch?v=VJnczlbjyss Lets get him over 500 subs :),2015-08-11 10:00:00+00:00,184,68280,1890,457.0,0.027680140597539545
This is a block? Since when lol.,"This is the first time i ever encountered the yellow block or so called ""sponge"" in minecraft. since when is this a block?",2013-01-21 22:30:09+00:00,52,360054,15298,3081.0,0.04248807123375938
Subscriber Goals For 2016,"I thought this was really cool, make sure to leave a comment if you want to be in next year's video! ▻ Subscribe?",2015-02-28 17:12:07+00:00,248,24379,724,392.0,0.029697690635382912
"Counting To 200,000 (Road To A Mil)","I can't believe I did this *expand* Like I said at the beginning of the video, I didn't want to speed this up but I had no choice.",2017-02-18 00:00:03+00:00,84878,3357112,133927,19482.0,0.039893515616994606
I Hate Pewdiepie!!!!!,I pretty much explain it in the video. I dont hate pewds I just want to see how many little 12 years olds will come and dislike this ...,2014-02-01 00:16:57+00:00,126,2660347,220560,15901.0,0.08290647798952543
How Many People Get The Diamond Play Button?????,This is about the new diamond play button that youtube released at Vid-Con. You have to have over 10 million subscribers to ...,2015-07-25 10:00:03+00:00,236,1711032,16809,2775.0,0.00982389575414136
Funny Noob Tubing Reaction Montage!,Just listen to these people rage about my noob tube its hilarious!!,2013-08-16 03:04:45+00:00,149,52419,1799,333.0,0.03431961693279154
Battle Pirates!,This is a really fun game that if you have never heard of before you should go check out! = Enjoy the video? Click here!,2013-09-21 22:18:59+00:00,215,35238,1612,425.0,0.04574606958397185
Most Epic Thing In Minecraft!?!?!?!?!?!!?????,This is an INSANE noteblock song! I hope you enjoy and be sure to leave a like if you listen all the way through!,2013-03-10 22:19:14+00:00,273,188255,8126,1379.0,0.04316485617911875
How Much Does PewDiePie Make????? 2016,Yes I have made 2 videos like this in the past but this is the last one I will make. Pewdiepie is the number one youtuber and alot of ...,2014-05-24 19:33:12+00:00,207,155556,3085,284.0,0.019832086194039446
"Epic Ghost Multiplayer EasterEggs! (PrisonBreak, Sovereign, and Flooded)",These are three eastereggs I found in Ghost.... Feel free to go into a private match and shoot them and see what happens :),2013-11-17 18:26:11+00:00,100,37057,1560,213.0,0.042097309550152465
Money Problems,This is a little different of a video and I just want to know what you think!,2014-08-20 17:40:18+00:00,242,102688,2564,295.0,0.024968837644125896
This Kid Should Quit COD....,"The video says it all. ▻ Subscribe? - http://bit.ly/1sBQXmi ▻ Follow? - http://bit.ly/1ljKsl1 I read every comment, and love any type ...",2014-06-02 21:37:07+00:00,77,35121,784,139.0,0.022322826798781358
100k Subs With No Videos????,I have lost my faith in humanity The channel ...,2015-04-11 16:51:40+00:00,257,378886,7538,2844.0,0.019895166356107115
Epic Minecraft city! (w/ download link!),"This city is HUGE! I only show a little part of it in this video, if you want to see the whole thing just download it!",2013-04-11 01:00:01+00:00,154,142709,5172,741.0,0.03624158252107435
Remember When COD Was Fun?,"Yup, another very pointless video ▻ Subscribe? - http://bit.ly/1sBQXmi ▻ Follow? - http://bit.ly/1ljKsl1 Sponsor ...",2015-04-26 21:26:36+00:00,216,16312,574,145.0,0.03518881804806277
Insane Gun Sync - 7 Hours To Make,Look at this - http://gyazo.com/8852509d2350db03af8ac1afa9172102 I probably should have done something easier for my first ...,2015-06-21 12:22:34+00:00,134,15740,637,105.0,0.04047013977128335
MY MESSAGE TO COD YOUTUBERS (Watch till end plz),The beginning of the video is a little off topic but I bring it all back in the finally minutes of the video. ▻ Subscribe?,2015-05-29 20:07:48+00:00,292,18502,508,117.0,0.027456491190141607
L0114R - Biblical Creeper Post for Post @L0114R,His channel - https://www.youtube.com/user/thefunky31 My vid on his channel - https://www.youtube.com/watch?v=tGmtv6QM1rQ ...,2015-05-15 16:48:54+00:00,109,16627,430,134.0,0.025861550490166595
How Much Money Do You Make As An Uber Driver??????,In this video I talk about being an uber driver and give my thoughts and analysis on the whole thing on the money you make per ...,2015-05-31 18:31:25+00:00,304,18773,370,59.0,0.01970915676769829
